lake_id,lake_name,lake_area (m2),lake_elevation (m),lake_juris_name,lake_max_depth (m),lake_utm_east,lake_utm_north,survey_date,benthic_sample,fish_presence,max_survey_date,ramurasi
10014, ,6124,3444,KINGS_CANYON,6.5,342120,4121894,7/11/97,Yes,No,8/12/02,No
10015, ,91324,3425,KINGS_CANYON,21,342394,4121678,7/11/97,Yes,No,8/2/12,No
10020, ,126635,3328,KINGS_CANYON,12.5,344238,4114978,8/15/97,Yes,No,8/2/12,No
10030, ,214046,3381,KINGS_CANYON,8,345864,4119208,7/13/97,Yes,Yes,8/2/12,Yes
10034, ,195811,3519,KINGS_CANYON,13.5,350079,4118226,7/17/97,Yes,No,8/14/02,No
10035, ,269367,3517,KINGS_CANYON,14.5,349294,4117911,7/17/97,Yes,No,8/14/02,No
10042, ,84377,3533,KINGS_CANYON,12.5,349921,4116915,7/18/97,Yes,Yes,7/18/97,No
10045, ,35290,3542,KINGS_CANYON,7.75,351072,4116814,8/1/97,Yes,No,9/7/02,No
10050,EVOLUTION LAKE,248363,3308,KINGS_CANYON,13,349510,4114837,7/24/97,Yes,Yes,7/24/97,No
10053, ,43872,3312,KINGS_CANYON,7.5,345380,4114660,8/14/97,Yes,Yes,8/14/97,No
10057, ,28686,3395,KINGS_CANYON,9.5,344998,4113677,8/13/97,Yes,No,9/10/02,No
10061, ,102212,3297,KINGS_CANYON,15.5,346973,4112853,8/9/97,Yes,Yes,8/9/97,No
10062, ,110262,3298,KINGS_CANYON,15,347625,4112555,8/9/97,Yes,Yes,8/9/97,No
10064, ,60681,3322,KINGS_CANYON,15,347337,4112209,8/9/97,Yes,Yes,8/7/12,Yes
10065, ,38850,3432,KINGS_CANYON,16,346817,4111821,8/10/97,Yes,No,8/8/12,No
10070,SAPPHIRE LAKE,152316,3342,KINGS_CANYON,13,349548,4112745,7/26/97,Yes,Yes,7/26/97,No
10073, ,149705,3534,KINGS_CANYON,30,351165,4113634,7/26/97,Yes,No,9/8/02,No
10077, ,47759,3474,KINGS_CANYON,6.5,350907,4112088,7/27/97,Yes,No,8/31/11,No
10081, ,123149,3483,KINGS_CANYON,22,353905,4110554,9/8/97,Yes,No,8/6/16,Yes
10083,DAVIS LAKE,438534,3370,KINGS_CANYON,23.5,347185,4110513,7/15/97,Yes,Yes,8/7/12,Yes
10085, ,64559,3408,KINGS_CANYON,16.2,346622,4110119,7/16/97,Yes,No,8/2/02,No
10090,WANDA LAKE,716908,3483,KINGS_CANYON,30,349647,4109657,7/30/97,Yes,No,7/31/16,Yes
10094,HELEN LAKE,314022,3541,KINGS_CANYON,30,352197,4109396,9/6/97,Yes,No,8/14/15,No
10104, ,48636,3542,KINGS_CANYON,14.8,345982,4109409,7/27/97,Yes,No,7/30/02,No
10112, ,21936,3493,KINGS_CANYON,4,345763,4108357,7/12/97,Yes,No,8/1/02,No
10114, ,65522,3409,KINGS_CANYON,28.5,345647,4107585,7/11/97,Yes,No,8/4/12,No
10115,MARTHA LAKE,541754,3354,KINGS_CANYON,30,345501,4106775,7/10/97,Yes,Yes,7/31/02,No
10145, ,107362,3552,KINGS_CANYON,30,354847,4105981,8/17/97,Yes,No,8/17/97,No
10147, ,36245,3405,KINGS_CANYON,10.2,354694,4104920,8/19/97,Yes,No,8/24/02,No
10192, ,21808,3505,KINGS_CANYON,18.2,355676,4106066,8/18/97,Yes,No,8/18/97,No
10193,HESTER LAKE,56086,3431,KINGS_CANYON,30,355659,4106446,8/18/97,Yes,No,9/3/11,Yes
10196, ,65700,3320,KINGS_CANYON,18.4,356068,4101894,8/22/97,Yes,No,8/15/17,Yes
10198, ,22163,3298,KINGS_CANYON,12.5,356070,4101480,8/21/97,Yes,No,8/15/17,Yes
10203, ,20957,3432,KINGS_CANYON,15.4,360927,4103826,7/14/97,Yes,No,8/7/02,No
10204, ,31004,3383,KINGS_CANYON,17.2,361307,4103946,7/14/97,Yes,No,8/27/02,No
10206, ,29262,3388,KINGS_CANYON,12.8,362773,4103858,7/15/97,Yes,No,8/26/16,Yes
10216, ,37024,3444,KINGS_CANYON,9,362367,4106390,7/9/97,Yes,Yes,7/15/12,Yes
10217, ,47745,3471,KINGS_CANYON,14,362616,4106834,6/29/97,Yes,Yes,7/17/12,Yes
10219, ,42812,3456,KINGS_CANYON,9,362197,4107360,6/29/97,Yes,Yes,6/14/12,Yes
10223, ,40331,3495,KINGS_CANYON,14.8,363665,4105430,7/12/97,Yes,No,8/25/16,Yes
10225, ,28515,3493,KINGS_CANYON,12.5,364354,4104965,7/16/97,Yes,No,8/26/16,Yes
10230, ,142958,3554,KINGS_CANYON,10.3,366588,4104305,7/26/97,Yes,No,8/27/16,Yes
10234,DUMBBELL LAKE,131926,3478,KINGS_CANYON,30,365940,4097118,8/22/97,Yes,Yes,8/27/02,No
10235, ,159511,3386,KINGS_CANYON,26,365074,4096513,8/22/97,Yes,Yes,8/22/97,No
10240, ,41713,3341,KINGS_CANYON,9,364380,4097647,8/24/97,Yes,Yes,8/7/04,Yes
10247, ,23180,3322,KINGS_CANYON,18.1,362783,4098072,8/4/97,Yes,No,9/3/10,Yes
10250, ,23561,3335,KINGS_CANYON,19.3,362947,4099395,8/5/97,Yes,No,9/3/10,Yes
10263, ,48464,3450,KINGS_CANYON,13.2,369014,4099957,7/28/97,Yes,No,8/28/16,Yes
10267, ,119548,3527,KINGS_CANYON,27.5,367282,4098902,7/30/97,Yes,No,8/31/10,Yes
10268, ,25207,3469,KINGS_CANYON,3.2,367125,4097957,8/1/97,Yes,No,8/30/10,Yes
10269, ,137772,3447,KINGS_CANYON,22.1,366912,4097609,8/1/97,Yes,No,8/30/10,Yes
10272, ,40980,3539,KINGS_CANYON,4.3,368891,4097800,7/20/97,Yes,No,7/24/09,Yes
10273, ,6667,3600,KINGS_CANYON,3.8,369122,4098260,7/21/97,Yes,No,8/10/02,No
10274, ,219329,3534,KINGS_CANYON,11,371641,4099005,7/17/97,Yes,Yes,7/22/09,Yes
10276, ,45771,3500,KINGS_CANYON,6,371759,4097875,8/2/97,Yes,No,8/14/16,Yes
10277, ,33073,3500,KINGS_CANYON,15,371605,4097564,8/2/97,Yes,Yes,8/14/16,Yes
10289, ,36656,3380,KINGS_CANYON,5,367233,4094210,8/9/97,Yes,Yes,8/25/02,No
10291, ,39427,3370,KINGS_CANYON,6,367530,4093893,8/9/97,Yes,Yes,8/25/02,No
10294, ,80815,3300,KINGS_CANYON,14,367994,4092141,9/13/97,Yes,Yes,8/28/02,No
10295, ,50316,3400,KINGS_CANYON,9,367308,4091976,9/14/97,Yes,No,8/27/07,Yes
10302, ,21460,3469,KINGS_CANYON,7.5,369789,4089061,8/12/97,Yes,No,8/3/07,Yes
10308, ,40073,3478,KINGS_CANYON,11,373233,4092093,8/9/97,Yes,Yes,7/25/09,Yes
10309, ,85085,3470,KINGS_CANYON,23.5,373676,4091952,8/9/97,Yes,Yes,7/25/09,Yes
10319, ,40561,3550,KINGS_CANYON,3.5,373610,4089991,8/15/97,Yes,No,8/12/16,Yes
10329, ,43184,3369,KINGS_CANYON,10.5,376336,4087163,8/23/97,Yes,No,9/10/11,Yes
10330, ,32734,3491,KINGS_CANYON,6.1,374658,4087115,8/20/97,Yes,Yes,9/10/11,Yes
10410, ,21076,3560,KINGS_CANYON,15,371588,4077174,9/13/97,Yes,No,8/2/02,No
10423, ,90015,3353,KINGS_CANYON,21,373474,4074168,9/9/97,Yes,No,9/5/17,Yes
10426, ,57480,3436,KINGS_CANYON,16,372156,4073688,9/11/97,Yes,No,9/11/97,No
10504, ,31608,3328,KINGS_CANYON,12,362560,4090732,8/28/97,Yes,No,8/7/13,No
10515, ,60811,3545,KINGS_CANYON,22,370854,4101668,7/15/97,Yes,No,7/15/97,No
10516, ,26174,3560,KINGS_CANYON,12,367770,4095943,8/8/97,Yes,No,8/25/02,No
10517,CARDINAL LAKE,154440,3493,KINGS_CANYON,23,372904,4095782,8/4/97,Yes,Yes,7/24/09,Yes
20027,,64347,3188,SEQUOIA,6.4,361632,4047253,7/30/01,Yes,Yes,7/30/01,No
20275,,10138,3237,SEQUOIA,6.25,366870,4025976,6/22/01,Yes,No,8/7/11,Yes
20277,,16026,3310,SEQUOIA,12.25,366642,4025318,6/22/01,Yes,No,6/24/02,No
20278,,6934,3343,SEQUOIA,3.5,366960,4024103,6/22/01,Yes,No,9/7/16,Yes
21390,,2851,3237,SEQUOIA,1.4,366529,4026111,6/21/01,Yes,No,8/7/11,Yes
40029,BLUE JAY LAKE #3,8808,3334,SIERRA_NF,6.5,334153,4146200,8/11/96,Yes,No,9/3/02,Yes
40030,BLUE JAY LAKE #4,14344,3340,SIERRA_NF,9.75,334321,4145950,8/11/96,Yes,No,8/11/96,No
40114,GRUFF LAKE,2832,3443,SIERRA_NF,2.5,340690,4131370,8/19/96,Yes,No,8/19/96,No
40125,HILGARD LAKE,35288,3486,SIERRA_NF,18,337124,4137180,9/5/96,Yes,No,9/5/96,No
40150,HOOPAH LAKE,7106,3346,SIERRA_NF,4.5,338681,4126580,8/31/96,Yes,No,8/31/96,No
40182,MIST LAKE,28752,3331,SIERRA_NF,5.25,337414,4138790,8/20/96,Yes,No,8/20/96,No
40205,PEMMICAN LAKE,8082,3273,SIERRA_NF,4,339059,4125300,9/1/96,Yes,No,7/29/02,No
40224,"FIRST RECESS LAKE, LOWER",10937,3364,SIERRA_NF,6.25,335486,4140570,8/22/96,Yes,No,8/22/96,No
40225,"FIRST RECESS LAKE, UPPER",12179,3428,SIERRA_NF,3.5,335506,4139920,8/22/96,Yes,No,8/22/96,No
40246,SEVEN GABLES LAKE #5,4456,3334,SIERRA_NF,4,339405,4130770,8/21/96,Yes,No,8/21/96,No
40247,SEVEN GABLES LAKE #6,14162,3334,SIERRA_NF,3.5,339469,4130580,8/21/96,Yes,No,8/21/96,No
40248,SEVEN GABLES LAKE #7,3430,3334,SIERRA_NF,1,339519,4130410,8/21/96,Yes,No,8/21/96,No
40270,STUB LAKE,24649,3309,SIERRA_NF,5,338574,4131510,8/21/96,Yes,No,8/21/96,No
40275,TETHER LAKE,4325,3382,SIERRA_NF,2.5,338329,4127010,8/29/96,Yes,No,7/29/02,Yes
41001, ,7538,3212,SIERRA_NF,5.5,338887,4124870,9/1/96,Yes,No,9/1/96,No
41203, ,81956,3323,SIERRA_NF,20,340947,4122980,8/4/96,Yes,No,8/4/96,No
41204, ,7080,3291,SIERRA_NF,9.5,340664,4123160,8/4/96,Yes,No,8/4/96,No
41205, ,12836,3469,SIERRA_NF,8.5,341098,4121960,8/3/96,Yes,No,8/12/02,Yes
41206, ,20890,3469,SIERRA_NF,12.5,340906,4122110,8/3/96,Yes,No,8/12/02,Yes
41207, ,2071,3455,SIERRA_NF,2.4,340740,4122190,8/3/96,Yes,No,8/12/02,Yes
41208, ,5243,3455,SIERRA_NF,2.4,340673,4122270,8/2/96,Yes,No,8/12/02,Yes
41209, ,8394,3443,SIERRA_NF,4.1,340507,4122440,8/2/96,Yes,No,8/12/02,Yes
42207, ,2212,3308,SIERRA_NF,3.1,340565,4123330,8/5/96,Yes,No,8/5/96,No
50126,ALSACE LAKE,194932,3401,SIERRA_NF,19.3,344946,4127620,8/27/95,Yes,Yes,8/17/04,Yes
50130,CHEVAUX LAKE,21925,3376,SIERRA_NF,6.1,344480,4127110,8/26/95,Yes,Yes,8/26/95,No
50138,DESOLATION LAKE,878016,3466,SIERRA_NF,21,348771,4126630,8/28/95,Yes,Yes,8/28/95,No
50141,ELBA LAKE,71337,3321,SIERRA_NF,5.2,345863,4128690,8/24/95,Yes,Yes,8/24/95,No
50143,FORSAKEN LAKE,26932,3517,SIERRA_NF,6.25,349977,4126610,8/29/95,Yes,Yes,8/29/95,No
50149,FRENCH LAKE,245618,3433,SIERRA_NF,18.5,347658,4131060,9/12/95,Yes,Yes,9/12/95,No
50150,"FRENCH LAKE, LITTLE",13797,3462,SIERRA_NF,5,348216,4130780,9/12/95,Yes,Yes,9/12/95,No
50155,GOLDEN LAKE,114207,3350,SIERRA_NF,21,343789,4146310,9/6/95,Yes,Yes,7/16/02,Yes
50156,GOLDEN TROUT LAKE,98033,3287,SIERRA_NF,10.1,347419,4122980,8/27/95,Yes,Yes,8/27/95,No
50157,"GOLDEN TROUT LAKE, UPPER",15901,3297,SIERRA_NF,2.2,347791,4123060,8/27/95,Yes,Yes,8/27/95,No
50170,KNOB LAKE,34055,3358,SIERRA_NF,4.5,344990,4125900,8/24/95,Yes,Yes,6/26/12,Yes
50171,L LAKE,142722,3388,SIERRA_NF,4.7,347421,4129070,8/23/95,Yes,Yes,8/23/95,No
50173,LA TETE LAKE,10721,3504,SIERRA_NF,4.5,348772,4130410,9/13/95,Yes,No,6/26/12,No
50178,LORRAINE LAKE,22438,3431,SIERRA_NF,8.9,346218,4127390,8/27/95,Yes,Yes,8/27/95,No
50185,MESA LAKE,118915,3444,SIERRA_NF,5.75,347457,4125960,8/27/95,Yes,Yes,7/30/02,No
50186,MOON LAKE,82541,3352,SIERRA_NF,12,346690,4128710,8/23/95,Yes,Yes,8/23/95,No
50188,NEEDLE LAKE,11175,3462,SIERRA_NF,3,342963,4144710,9/11/95,Yes,Yes,9/11/95,No
50192,PARIS LAKE,103308,3437,SIERRA_NF,10.1,345695,4127570,8/25/95,Yes,Yes,8/25/95,No
50193,"PETITE LAKE, LOWER",9799,3504,SIERRA_NF,7,348469,4130260,9/13/95,Yes,No,8/26/11,No
50194,"PETITE LAKE, UPPER",5678,3504,SIERRA_NF,6.5,348638,4130210,9/13/95,Yes,No,6/26/12,Yes
50196,PIONEER LAKE #1,22518,3169,SIERRA_NF,6.1,341101,4147170,9/14/95,Yes,Yes,9/14/95,No
50197,PIONEER LAKE #1A,2129,3230,SIERRA_NF,2,341591,4147760,9/12/95,Yes,Yes,6/26/02,Yes
50198,PIONEER LAKE #2,46908,3303,SIERRA_NF,5,340439,4147610,9/13/95,Yes,Yes,9/13/95,No
50199,PIONEER LAKE #2A,24231,3303,SIERRA_NF,11.5,340354,4148010,9/13/95,Yes,Yes,9/13/95,No
50202,PIONEER LAKE #4A,8856,3486,SIERRA_NF,6.5,342250,4148610,7/26/96,Yes,No,7/26/96,No
50203,PIONEER LAKE #4B,4248,3498,SIERRA_NF,3.75,342388,4148410,7/26/96,Yes,No,7/26/96,No
50204,PIONEER LAKE #4C,7097,3571,SIERRA_NF,4.1,342311,4148090,7/26/96,Yes,No,7/17/02,No
50207,PUPPET LAKE,206549,3422,SIERRA_NF,5.3,346196,4128020,8/25/95,Yes,Yes,8/25/95,No
50216,RUST LAKE,16845,3542,SIERRA_NF,6.6,348649,4128850,8/29/95,Yes,Yes,7/18/02,Yes
50219,SQUARE LAKE,13765,3444,SIERRA_NF,3.5,346869,4125800,8/27/95,Yes,Yes,6/26/12,Yes
50221,STAR LAKE,148179,3474,SIERRA_NF,17,347564,4128020,8/28/95,Yes,Yes,8/28/95,No
50225,WAHOO LAKE #3,22168,3449,SIERRA_NF,6,347938,4121410,8/17/96,Yes,No,8/17/96,No
50227,WEDGE LAKE,16064,3468,SIERRA_NF,3.25,348109,4126500,8/27/95,Yes,No,8/27/95,No
50228, ,4314,3309,SIERRA_NF,3,342681,4146990,9/12/95,Yes,No,9/12/95,No
50237,BIG FISH LAKE,17037,3224,INYO_NF,5.5,344605,4141460,8/9/95,Yes,Yes,8/9/95,No
50247,BIRCHIM LAKE,19035,3132,INYO_NF,8,346020,4134910,7/30/95,Yes,Yes,7/30/95,No
50255,BOX LAKE,56871,3206,INYO_NF,12,344773,4142350,7/22/96,Yes,Yes,7/22/96,No
50258,BUCK LAKE,17268,3541,INYO_NF,17,348786,4141720,8/6/95,Yes,Yes,8/6/95,No
50261,"CHALFANT LAKE, LOWER",15018,3395,INYO_NF,11.5,344305,4134840,8/18/95,Yes,Yes,7/21/02,No
50262,"CHALFANT LAKE, UPPER",31681,3401,INYO_NF,4,343978,4134930,8/17/95,Yes,Yes,8/17/95,No
50263,CHICKENFOOT LAKE,100896,3288,INYO_NF,9.5,344839,4140640,8/11/95,Yes,Yes,8/11/95,No
50277,DADE LAKE,24797,3523,INYO_NF,5,343821,4138470,7/23/96,Yes,Yes,7/23/96,No
50279,DOG LEG LAKE,10618,3157,INYO_NF,3.75,349014,4145720,8/3/95,Yes,No,8/3/95,No
50281,DOROTHY LAKE,28936,3193,INYO_NF,3.5,349661,4144920,8/2/95,Yes,No,8/2/95,No
50283,EASTERN BROOK LAKE #1,15161,3145,INYO_NF,6.5,345886,4144550,7/26/95,Yes,No,7/26/95,No
50284,EASTERN BROOK LAKE #2,44008,3157,INYO_NF,9,345829,4144130,7/26/95,Yes,No,6/22/11,No
50291,EMERSON LAKE,26852,3419,INYO_NF,10.5,352103,4121700,8/21/95,Yes,Yes,8/21/95,No
50292,FINCH LAKE,9328,3254,INYO_NF,7,346291,4138030,8/1/96,Yes,No,8/1/96,No
50301,FRANCIS LAKE,12264,3315,INYO_NF,3,347991,4144320,8/10/95,Yes,Yes,8/10/95,No
50304,GABLE LAKE #1,8332,3157,INYO_NF,8.5,350158,4133040,8/8/95,Yes,Yes,8/14/04,Yes
50305,GABLE LAKE #2,24082,3169,INYO_NF,18.5,349889,4132850,8/8/95,Yes,Yes,8/14/04,Yes
50308,GABLE LAKE #5,8080,3401,INYO_NF,5.75,350458,4131980,8/8/96,Yes,No,6/18/02,No
50312,"GEM LAKE, LOWER",7760,3328,INYO_NF,2,344553,4139820,8/12/95,Yes,Yes,8/12/95,No
50313,"GEM LAKE, MIDDLE",6669,3334,INYO_NF,3.5,344459,4139790,8/11/95,Yes,Yes,8/11/95,No
50314,"GEM LAKE, UPPER",26984,3334,INYO_NF,7,344337,4139580,8/11/95,Yes,Yes,8/11/95,No
50316,GOLDEN LAKE,10499,3291,INYO_NF,3.5,345149,4133340,8/2/95,Yes,Yes,8/2/95,No
50317,LITTLE GOLDEN LAKE,8227,3340,INYO_NF,5,345520,4133310,8/2/95,Yes,No,8/2/95,No
50326,GRASS LAKE,8289,2998,INYO_NF,2,355310,4120210,8/7/95,Yes,Yes,8/7/95,No
50330,HALFMOON TARNS,1654,3059,INYO_NF,4.5,345714,4146750,8/9/95,Yes,Yes,8/9/95,No
50331,HEART LAKE,29506,3181,INYO_NF,5.5,344747,4142770,7/26/95,Yes,Yes,7/26/95,No
50337,HIDDEN LAKE,6360,3248,INYO_NF,1.25,347115,4138820,9/14/95,Yes,Yes,9/14/95,No
50339,HIDDEN LAKE #1,1949,3199,INYO_NF,1.5,345255,4143530,8/16/95,Yes,No,8/16/95,No
50340,HIDDEN LAKE #2,1597,3230,INYO_NF,4,345294,4143270,7/27/95,Yes,No,7/27/95,No
50341,HIDDEN LAKE #3,7157,3199,INYO_NF,4,345150,4142750,7/26/95,Yes,No,7/26/95,No
50342,HIDDEN LAKE #4,2786,3199,INYO_NF,1.75,345024,4142720,7/26/95,Yes,No,7/26/95,No
50343,HIDDEN LAKE #5,2152,3199,INYO_NF,2,344967,4142630,7/26/95,Yes,No,7/26/95,No
50346,HONEYMOON LAKE,35930,3169,INYO_NF,15,345568,4133980,8/1/95,Yes,Yes,8/1/95,No
50347,HORTON LAKE #1,6658,2986,INYO_NF,2,352960,4131430,7/31/95,Yes,Yes,7/31/95,No
50348,HORTON LAKE #2,70102,3029,INYO_NF,9,352372,4131290,7/31/95,Yes,Yes,6/30/02,No
50356,KENNETH LAKE,12839,3169,INYO_NF,2.5,348483,4145360,8/10/95,Yes,Yes,8/10/95,No
50357,"LAMARCK LAKE, UPPER",162783,3327,INYO_NF,30,353509,4119480,8/9/95,Yes,Yes,8/9/95,No
50358,"LAMARCK LAKE, LOWER",62999,3249,INYO_NF,30,354256,4120240,8/8/95,Yes,Yes,8/8/95,No
50360,LITTLE FISH LAKE,9620,3222,INYO_NF,2.67,344779,4141620,8/9/95,Yes,Yes,8/9/95,No
50361,LOCH LEVEN LAKE,44656,3274,INYO_NF,11,353157,4121830,8/18/95,Yes,Yes,8/18/95,No
50365,LONG LAKE,97515,3212,INYO_NF,10,344311,4141320,8/8/95,Yes,Yes,8/8/95,No
50367,LOST LAKE,15542,3199,INYO_NF,3.5,345054,4142430,7/26/95,Yes,Yes,7/13/02,No
50368,MACK LAKE,22770,3151,INYO_NF,7.5,345099,4143730,7/27/95,Yes,Yes,7/27/95,No
50372,MARSH LAKE,18167,3169,INYO_NF,1.5,344893,4143100,7/25/95,Yes,Yes,7/25/95,No
50374,LONGLEY RESERVOIR,42499,3260,INYO_NF,11,352739,4127690,9/5/95,Yes,Yes,9/5/95,No
50382,"MORGAN LAKE, LOWER",48212,3260,INYO_NF,17,346582,4139060,9/13/95,Yes,Yes,9/13/95,No
50383,"MORGAN LAKE, MIDDLE",8995,3321,INYO_NF,5,345861,4139150,9/13/95,Yes,No,9/13/95,No
50384,"MORGAN LAKE, UPPER",19175,3335,INYO_NF,19,345550,4139400,9/13/95,Yes,Yes,7/7/02,No
50391,PATRICIA LAKE,20164,3181,INYO_NF,4,345471,4147880,8/8/95,Yes,No,8/8/95,No
50395,PINE LAKE,63911,3029,INYO_NF,17,346889,4135340,7/30/95,Yes,Yes,7/30/95,No
50396,"PINE LAKE, UPPER",54736,3096,INYO_NF,5.5,346335,4134410,7/31/95,Yes,Yes,7/31/95,No
50397,PIUTE LAKE,87426,3339,INYO_NF,12.5,351730,4122280,8/20/95,Yes,Yes,8/20/95,No
50404,RUBY LAKE,145268,3389,INYO_NF,21,343325,4142390,9/5/95,Yes,Yes,9/5/95,No
50415,SECRET LAKE,6460,3181,INYO_NF,3.5,349181,4145540,8/3/95,Yes,No,8/3/95,No
50416,SERENE LAKE,16474,3121,INYO_NF,8.5,345683,4144930,7/30/95,Yes,Yes,7/30/95,No
50417,SKY HIGH LAKE,68683,3553,INYO_NF,22,351837,4119320,9/28/96,Yes,No,9/28/96,No
50428,TAMARACK LAKE,40409,3529,INYO_NF,22.5,348725,4141930,9/6/95,Yes,Yes,9/6/95,No
50446,TREASURE LAKE #1,13543,3407,INYO_NF,7,343811,4139600,9/8/95,Yes,Yes,9/8/95,No
50447,TREASURE LAKE #2,26999,3407,INYO_NF,7,343731,4139350,9/8/95,Yes,Yes,9/8/95,No
50448,TREASURE LAKE #3,5461,3419,INYO_NF,6,343684,4139690,9/9/95,Yes,Yes,9/9/95,No
50449,TREASURE LAKE #4,29276,3419,INYO_NF,4,343541,4139440,9/9/95,Yes,Yes,9/9/95,No
50466,WISHBONE LAKE,14217,3498,INYO_NF,9.5,352462,4118980,9/28/96,Yes,No,9/28/96,No
50467,WONDER LAKE #1,3562,3264,INYO_NF,3,354104,4120460,8/9/95,Yes,Yes,8/9/95,No
50468,WONDER LAKE #2,19612,3321,INYO_NF,9.3,353616,4120560,9/4/95,Yes,Yes,9/4/95,No
50469,WONDER LAKE #3,14164,3370,INYO_NF,5,353029,4120560,9/5/95,Yes,Yes,9/5/95,No
50481,BALDWIN LAKE,10986,3344,INYO_NF,5.5,337076,4154120,9/5/95,Yes,No,9/5/95,No
50488,BIGHORN LAKE,24888,3230,INYO_NF,12,333890,4155240,8/14/95,Yes,Yes,8/14/95,No
50496,BRIGHT DOT LAKE,107411,3210,INYO_NF,24,335535,4156990,8/29/95,Yes,Yes,8/29/95,No
50498,BUNNY LAKE,12878,3330,INYO_NF,7.5,332270,4156480,8/17/95,Yes,Yes,6/22/02,No
50516,CONSTANCE LAKE,130558,3290,INYO_NF,30,334929,4154010,8/31/95,Yes,Yes,6/23/02,No
50538,EDITH LAKE,71887,3090,INYO_NF,30,332887,4158150,9/12/95,Yes,Yes,9/12/95,No
50545,FLAG LAKE,4477,3208,INYO_NF,2.5,341098,4155190,9/3/96,Yes,No,9/3/96,No
50560,GOLDEN LAKE,31251,3157,INYO_NF,7,338679,4151180,8/17/95,Yes,Yes,8/17/95,No
50562,GRASS LAKE,10439,2994,INYO_NF,4,339530,4152690,8/15/95,Yes,Yes,8/15/95,No
50576,DAVIS LAKE,266603,2989,INYO_NF,5,344468,4151930,7/31/95,Yes,Yes,7/31/95,No
50577,HILTON LAKE #2,171219,3002,INYO_NF,12,344570,4150730,7/31/95,Yes,Yes,7/31/95,No
50578,HILTON LAKE #3,67800,3139,INYO_NF,13,344665,4149920,8/2/95,Yes,Yes,8/2/95,No
50579,HILTON LAKE #4,65225,3155,INYO_NF,15,343967,4149740,8/2/95,Yes,Yes,8/2/95,No
50581,HILTON LAKE #6,6367,3260,INYO_NF,2.8,344096,4148920,8/3/95,Yes,Yes,8/3/95,No
50622,BIG MCGEE LAKE,135886,3199,INYO_NF,30,337285,4150670,8/18/95,Yes,Yes,8/18/95,No
50626,MILDRED LAKE,59456,2970,INYO_NF,15,334435,4157090,8/15/95,Yes,Yes,8/15/95,No
50648,ROUND LAKE,7337,3030,INYO_NF,3.5,338664,4152190,8/16/95,Yes,Yes,8/16/95,No
50666,STEELHEAD LAKE,82147,3139,INYO_NF,25,340025,4151820,8/16/95,Yes,Yes,8/16/95,No
50697,WIT-SO-NA-PAH LAKE,15500,3225,INYO_NF,16,334277,4154820,8/15/95,Yes,Yes,8/15/95,No
50703,SUMMIT LAKE,19739,3624,SIERRA_NF,8.9,343471,4144260,9/5/95,Yes,Yes,9/5/95,No
50704,SUMMIT LAKE,31599,3420,SIERRA_NF,3,350084,4122810,9/1/95,Yes,Yes,8/17/03,No
50706,STEELHEAD LAKE,231639,3462,SIERRA_NF,19,348259,4129630,8/30/95,Yes,Yes,8/30/95,No
50708,TOMAHAWK LAKE,96488,3396,SIERRA_NF,8.25,346868,4124870,8/26/95,Yes,Yes,8/26/95,No
50709,TOUGH LAKE,9457,3248,SIERRA_NF,5,340128,4144200,8/22/96,Yes,No,7/18/02,Yes
50710,TRAIL LAKE,23073,3393,SIERRA_NF,14.1,343027,4145220,9/5/95,Yes,Yes,9/5/95,No
50731,SLEET LAKE,9404,3359,SIERRA_NF,6,341806,4144090,8/20/96,Yes,No,7/17/02,Yes
50735,LITTLE LAMARCK LAKE #1,6868,3484,INYO_NF,6,352766,4120310,9/7/95,Yes,No,8/21/14,Yes
50736,LITTLE LAMARCK LAKE #2,5161,3516,INYO_NF,4,352538,4120430,9/7/95,Yes,No,9/11/02,Yes
50737,LITTLE LAMARCK LAKE #3,6937,3516,INYO_NF,8,352429,4120490,9/6/95,Yes,No,7/14/11,No
50738,LITTLE LAMARCK LAKE #4,14482,3516,INYO_NF,9,352260,4120310,9/6/95,Yes,No,7/14/11,Yes
50739,LITTLE LAMARCK LAKE #5,2579,3516,INYO_NF,6,352213,4120410,9/6/95,Yes,No,9/11/02,Yes
50740,LITTLE LAMARCK LAKE #6,5133,3516,INYO_NF,3,351993,4120320,9/7/95,Yes,No,9/7/95,No
50741,LITTLE LAMARCK LAKE #7,5473,3529,INYO_NF,0.5,351851,4120430,9/7/95,Yes,No,9/7/95,No
50768, ,11349,3206,INYO_NF,6.5,349606,4134210,8/11/95,Yes,No,8/11/95,No
50770, ,3855,2986,INYO_NF,1.8,355705,4120580,8/7/95,Yes,No,8/7/95,No
50782, ,10550,3553,SIERRA_NF,9.4,340660,4129590,9/8/96,Yes,No,9/8/96,No
51012, ,1125,3285,SIERRA_NF,0.45,347276,4123640,8/28/95,Yes,No,8/28/95,No
51016, ,6739,3285,SIERRA_NF,2,346916,4123100,8/28/95,Yes,Yes,8/28/95,No
51017, ,1339,3288,SIERRA_NF,0.9,347020,4123130,8/28/95,Yes,No,8/28/95,No
51019, ,1890,3297,SIERRA_NF,0.35,347396,4123310,8/28/95,Yes,No,8/28/95,No
51020, ,1110,3297,SIERRA_NF,0.5,347452,4123390,8/29/95,Yes,No,8/29/95,No
51021, ,1245,3297,SIERRA_NF,1,347638,4123260,8/29/95,Yes,No,8/29/95,No
51022, ,1779,3297,SIERRA_NF,2.2,347819,4123200,8/27/95,Yes,Yes,8/27/95,No
51025, ,10665,3480,SIERRA_NF,7.2,347028,4122540,8/17/96,Yes,No,8/17/96,No
51029, ,846,3346,SIERRA_NF,1.3,348586,4122940,8/30/95,Yes,Yes,8/30/95,No
51030, ,700,3346,SIERRA_NF,4,348705,4122940,8/30/95,Yes,Yes,8/30/95,No
51032, ,16478,3346,SIERRA_NF,2.5,348802,4123120,8/30/95,Yes,Yes,8/30/95,No
51036, ,2876,3358,SIERRA_NF,0.5,349219,4123070,8/31/95,Yes,No,8/31/95,No
51037, ,7094,3358,SIERRA_NF,2.5,349292,4123200,8/30/95,Yes,Yes,8/30/95,No
51038, ,3565,3358,SIERRA_NF,0.6,349264,4123330,8/31/95,Yes,No,8/31/95,No
51039, ,5897,3358,SIERRA_NF,0.5,349515,4123400,8/31/95,Yes,Yes,8/31/95,No
51100, ,3216,3419,INYO_NF,2,350872,4122720,9/1/95,Yes,No,9/1/95,No
51101, ,2792,3419,INYO_NF,1.5,351058,4122600,8/21/95,Yes,No,8/21/95,No
51102, ,853,3407,INYO_NF,0.5,351127,4122570,8/21/95,Yes,No,8/21/95,No
51113, ,6408,3321,INYO_NF,3.5,352179,4122240,8/20/95,Yes,Yes,8/20/95,No
51114, ,2444,3285,INYO_NF,1.5,352412,4122160,8/19/95,Yes,Yes,8/19/95,No
51115, ,13193,3285,INYO_NF,2.5,352592,4122030,8/19/95,Yes,Yes,7/31/02,No
51116, ,2005,3285,INYO_NF,0.7,352774,4121980,8/19/95,Yes,Yes,8/19/95,No
51137, ,3426,3370,INYO_NF,2,353197,4120560,9/5/95,Yes,Yes,9/5/95,No
51138, ,2662,3370,INYO_NF,2,353301,4120700,9/5/95,Yes,Yes,9/5/95,No
51146, ,707,3520,INYO_NF,1,352520,4120490,9/6/95,Yes,No,9/6/95,No
51148, ,1791,3245,INYO_NF,3,354527,4120370,8/8/95,Yes,No,8/8/95,No
51150, ,1155,3346,INYO_NF,0.9,353935,4119590,8/9/95,Yes,No,9/10/02,No
51155, ,1241,3199,INYO_NF,1,354484,4119500,8/10/95,Yes,No,8/10/95,No
51351, ,3781,3218,INYO_NF,1.75,345927,4133010,8/3/95,Yes,Yes,8/3/95,No
51352, ,350,3254,INYO_NF,0.5,346428,4133280,8/3/95,Yes,No,8/3/95,No
51356, ,756,3242,INYO_NF,1.5,349389,4132880,8/9/95,Yes,No,8/14/04,Yes
51357, ,3910,3251,INYO_NF,1.25,349269,4132770,8/9/95,Yes,No,8/14/04,Yes
51365, ,807,3126,INYO_NF,1.3,351618,4131020,8/1/95,Yes,No,5/27/16,Yes
51369, ,3295,3248,INYO_NF,2,352984,4127720,9/5/95,Yes,Yes,9/5/95,No
51398, ,5029,3401,INYO_NF,1,344197,4134940,8/17/95,Yes,Yes,8/17/95,No
51399, ,3608,3401,INYO_NF,3,344169,4134760,8/17/95,Yes,No,8/17/95,No
51401, ,1325,3401,INYO_NF,1.3,344425,4134800,8/18/95,Yes,Yes,8/18/95,No
51406, ,2830,3388,INYO_NF,1.4,344731,4134720,8/19/95,Yes,Yes,8/19/95,No
51414, ,10696,3462,INYO_NF,1.8,343739,4134240,8/16/95,Yes,Yes,8/16/95,No
51417, ,5855,3449,INYO_NF,2.2,344062,4134120,8/16/95,Yes,Yes,8/16/95,No
51422, ,596,3467,INYO_NF,0.75,344148,4133910,8/5/96,Yes,No,7/20/02,No
51426, ,4434,3084,INYO_NF,2,348446,4147380,7/30/95,Yes,Yes,7/30/95,No
51427, ,1996,3108,INYO_NF,1.5,348689,4147030,8/1/95,Yes,No,8/1/95,No
51430, ,3887,3108,INYO_NF,1.5,348780,4146910,8/1/95,Yes,No,8/1/95,No
51434, ,8189,3218,INYO_NF,2.5,349959,4145890,8/1/95,Yes,No,8/1/95,No
51436, ,3245,3181,INYO_NF,1,349261,4145350,8/3/95,Yes,No,8/3/95,No
51437, ,4048,3169,INYO_NF,1.5,348933,4145490,8/3/95,Yes,No,8/3/95,No
51439, ,2349,3145,INYO_NF,1.5,345919,4144670,7/27/95,Yes,No,7/27/95,No
51440, ,3655,3218,INYO_NF,4,349448,4144430,8/11/95,Yes,No,8/11/95,No
51441, ,3411,3187,INYO_NF,1.75,345479,4143930,8/16/95,Yes,No,8/16/95,No
51442, ,989,3187,INYO_NF,1.25,345434,4143850,8/16/95,Yes,No,8/16/95,No
51447, ,2947,3242,INYO_NF,6,345322,4142400,7/27/95,Yes,No,7/27/95,No
51452, ,2731,3248,INYO_NF,2.2,346738,4138730,9/14/95,Yes,No,7/6/02,No
51453, ,3416,3206,INYO_NF,2.5,347044,4138470,9/14/95,Yes,No,9/14/95,No
51461, ,1234,3199,INYO_NF,1.5,337710,4150950,8/18/95,Yes,No,8/18/95,No
51462, ,1151,3151,INYO_NF,1.2,337794,4151230,8/18/95,Yes,No,8/18/95,No
51464, ,3024,3126,INYO_NF,1,338069,4151500,8/19/95,Yes,Yes,8/19/95,No
51465, ,1260,3139,INYO_NF,2,338124,4151650,8/19/95,Yes,No,8/19/95,No
51482, ,1213,3151,INYO_NF,0.85,343903,4149960,8/3/95,Yes,No,8/3/95,No
51483, ,2593,3139,INYO_NF,2.5,344888,4150000,8/2/95,Yes,No,8/2/95,No
51498, ,1128,3212,INYO_NF,0.7,344681,4141900,8/9/95,Yes,No,8/9/95,No
51514, ,4192,3285,INYO_NF,6,344792,4141030,8/10/95,Yes,Yes,8/10/95,No
51515, ,6201,3285,INYO_NF,2.75,344976,4140920,8/10/95,Yes,Yes,8/10/95,No
51522, ,410,3340,INYO_NF,0.5,344619,4140060,8/13/95,Yes,No,8/13/95,No
51524, ,242,3334,INYO_NF,0.5,344698,4139790,8/13/95,Yes,No,8/13/95,No
51529, ,960,3529,INYO_NF,0.4,344199,4139030,9/10/95,Yes,No,9/10/95,No
51530, ,10594,3456,INYO_NF,2,344504,4139000,9/11/95,Yes,No,9/11/95,No
51531, ,696,3529,INYO_NF,1.3,343904,4138730,9/10/95,Yes,No,9/10/95,No
51536, ,4323,3516,INYO_NF,7.5,344111,4138600,9/11/95,Yes,No,9/11/95,No
51611, ,4037,3210,INYO_NF,,335355,4157320,8/29/95,Yes,Yes,8/29/95,No
51612, ,4416,3129,INYO_NF,7,337390,4156400,9/7/95,Yes,No,9/7/95,No
51617, ,5041,3138,INYO_NF,2,338346,4153640,9/6/95,Yes,No,9/6/95,No
51624, ,325,3190,INYO_NF,1.5,340133,4152640,8/16/95,Yes,No,6/24/02,No
51744, ,754,3254,SIERRA_NF,0.1,342409,4128630,9/10/96,Yes,No,9/10/96,No
52000, ,4065,3328,SIERRA_NF,3.9,340670,4147990,9/13/95,Yes,No,7/17/02,No
52001, ,3182,3510,SIERRA_NF,3.5,344167,4145600,9/6/95,Yes,No,9/6/95,No
52002, ,3125,3413,SIERRA_NF,0.35,342810,4145170,9/12/95,Yes,Yes,9/12/95,No
52110, ,6852,3413,SIERRA_NF,2.5,347612,4124670,8/26/95,Yes,No,8/26/95,No
52111, ,3441,3413,SIERRA_NF,1.25,347510,4124640,8/26/95,Yes,No,8/26/95,No
52112, ,2508,3449,SIERRA_NF,3,347522,4125160,8/26/95,Yes,No,8/26/95,No
52117, ,4619,3413,SIERRA_NF,1.75,346036,4125680,8/24/95,Yes,No,7/25/11,Yes
52118, ,1954,3413,SIERRA_NF,1.75,346112,4125900,8/25/95,Yes,No,8/25/95,No
52119, ,2264,3425,SIERRA_NF,1.5,345770,4125630,8/25/95,Yes,No,8/25/95,No
52120, ,2209,3352,SIERRA_NF,2.75,345051,4125650,8/24/95,Yes,No,7/25/11,Yes
52124, ,10743,3559,SIERRA_NF,3.75,348243,4127140,8/28/95,Yes,No,8/28/95,No
52125, ,2567,3502,SIERRA_NF,1.75,347580,4126640,8/29/95,Yes,No,8/29/95,No
52126, ,2839,3620,SIERRA_NF,0.3,348132,4127440,8/28/95,Yes,No,8/28/95,No
52127,"""AMELETUS"" LAKE",18458,3554,SIERRA_NF,5.5,348874,4127900,8/29/95,Yes,No,7/3/14,Yes
52130,ROGET LAKE,10397,3443,SIERRA_NF,3,346765,4127310,8/27/95,Yes,No,8/27/95,No
52131, ,7850,3437,SIERRA_NF,2.3,345434,4127990,8/26/95,Yes,No,8/26/95,No
52132, ,10742,3422,SIERRA_NF,1.9,345660,4128040,8/26/95,Yes,Yes,8/26/95,No
52133, ,10272,3474,SIERRA_NF,1.4,347831,4128250,8/28/95,Yes,Yes,8/28/95,No
52134, ,3691,3474,SIERRA_NF,1.6,347776,4128390,8/28/95,Yes,Yes,8/28/95,No
52136, ,2228,3401,SIERRA_NF,0.4,347128,4129430,8/23/95,Yes,No,8/23/95,No
52137, ,1522,3413,SIERRA_NF,0.3,347435,4129790,8/25/95,Yes,No,8/25/95,No
52138, ,5032,3480,SIERRA_NF,2.75,347841,4131540,9/14/95,Yes,No,9/14/95,No
52139, ,2440,3480,SIERRA_NF,2.9,347761,4131580,9/14/95,Yes,No,9/14/95,No
52140, ,2251,3480,SIERRA_NF,1.2,347667,4131550,9/14/95,Yes,No,9/14/95,No
52141, ,6065,3388,SIERRA_NF,1.5,346161,4131390,8/23/95,Yes,No,8/23/95,No
52142, ,2647,3388,INYO_NF,1.5,346099,4131500,8/23/95,Yes,No,8/23/95,No
52145, ,3945,3422,SIERRA_NF,2.2,346146,4127880,8/25/95,Yes,No,7/18/02,No
53009, ,2628,3303,SIERRA_NF,4.7,340428,4147810,9/13/95,Yes,Yes,9/13/95,No
53169, ,528,3425,SIERRA_NF,1,346114,4125830,8/25/95,Yes,No,7/10/02,No
53172, ,902,3443,SIERRA_NF,4.5,345581,4125580,8/24/95,Yes,No,8/24/95,No
53173, ,1017,3443,SIERRA_NF,1.5,345583,4125620,8/24/95,Yes,No,8/24/95,No
53177, ,1676,3504,SIERRA_NF,1.75,347629,4126710,8/29/95,Yes,No,8/29/95,No
54002, ,551,3328,INYO_NF,0.6,344502,4139770,8/13/95,Yes,No,8/13/95,No
54026, ,48,3193,INYO_NF,1,340187,4152680,8/16/95,Yes,No,8/16/95,No
54028, ,187,3462,SIERRA_NF,1,347225,4125570,8/26/95,Yes,No,8/26/95,No
54032, ,48,2929,INYO_NF,1.5,343792,4151420,7/30/95,Yes,No,7/30/95,No
54034, ,741,3029,INYO_NF,1,352810,4131350,7/31/95,Yes,No,7/31/95,No
70008,,5143,2902,YOSEMITE,1.5,276855,4216400,8/22/00,Yes,No,7/12/14,Yes
70021,,5301,1902,YOSEMITE,0.2,255248,4207360,9/14/00,Yes,No,9/14/00,No
70027,,5369,2037,YOSEMITE,5,274884,4202420,6/25/00,Yes,No,6/25/00,No
70037,,5524,2932,YOSEMITE,4,287578,4208500,8/8/00,Yes,No,8/31/17,No
70048,,5772,2176,YOSEMITE,1.6,254657,4216320,7/12/00,Yes,No,8/8/13,No
70078,,6378,2481,YOSEMITE,0.45,261956,4214680,9/24/00,Yes,No,9/24/00,No
70086,,6539,2169,YOSEMITE,3.25,265822,4207650,7/18/00,Yes,No,7/18/00,No
70087,,6565,2432,YOSEMITE,5.4,258756,4219810,7/29/00,Yes,No,7/29/00,No
70093,,6636,2273,YOSEMITE,4.75,253668,4219460,7/9/00,Yes,No,7/22/12,No
70095,,6653,2863,YOSEMITE,0.55,272561,4228110,8/7/00,Yes,No,7/6/12,Yes
70110,,7048,2545,YOSEMITE,6,269027,4215760,7/22/00,Yes,No,7/22/12,No
70116,,7115,2612,YOSEMITE,5,268185,4216150,7/22/00,Yes,No,7/10/06,Yes
70128,,7501,2341,YOSEMITE,3.75,264922,4214030,9/12/00,Yes,Yes,9/12/00,No
70129,,7526,2627,YOSEMITE,5,284279,4201910,7/3/00,Yes,No,6/12/14,Yes
70134,,7610,3018,YOSEMITE,4,301524,4198010,8/23/01,Yes,No,8/20/12,Yes
70137,,7659,2292,YOSEMITE,0.6,265065,4197360,6/16/01,Yes,No,6/16/01,No
70154,,8028,2001,YOSEMITE,3.75,261308,4211090,9/7/00,Yes,Yes,9/7/00,No
70157,,8101,1856,YOSEMITE,2.75,258819,4205730,9/6/00,Yes,No,9/6/00,No
70162,,8209,3054,YOSEMITE,1.8,299118,4197720,8/23/01,Yes,Yes,8/23/01,No
70167,,8313,3164,YOSEMITE,2,291909,4214560,7/25/00,Yes,No,7/25/00,No
70181,,8702,2896,YOSEMITE,3.5,286997,4201360,6/25/00,Yes,No,6/14/16,No
70197,,9160,2713,YOSEMITE,4.75,267074,4218720,9/22/00,Yes,No,7/18/05,Yes
70227,,10302,1676,YOSEMITE,1,254530,4212780,8/19/00,Yes,No,6/16/07,Yes
70243,,10772,2457,YOSEMITE,9,257566,4219600,7/30/00,Yes,No,7/2/06,Yes
70251,,11000,3066,YOSEMITE,4.74,283327,4207690,8/27/00,Yes,No,6/28/14,Yes
70253,,11136,2513,YOSEMITE,0.6,265829,4210500,7/19/00,Yes,No,7/19/00,No
70255,,11244,2993,YOSEMITE,2.5,292902,4207220,7/9/00,Yes,No,7/26/17,Yes
70262,,11759,2001,YOSEMITE,3,261341,4210820,9/7/00,Yes,Yes,9/7/00,No
70266,,11985,3139,YOSEMITE,3,289334,4218740,7/27/00,Yes,No,8/2/12,Yes
70276,,12529,2895,YOSEMITE,9,279262,4196420,6/21/00,Yes,No,6/21/00,No
70288,,13013,2001,YOSEMITE,3.8,262312,4211470,9/8/00,Yes,No,8/20/12,Yes
70299,,13815,3066,YOSEMITE,1,276835,4215120,8/23/00,Yes,No,8/23/00,No
70308,,14229,1786,YOSEMITE,2.2,254073,4211220,8/18/00,Yes,No,7/17/12,Yes
70316,,14692,2330,YOSEMITE,1.5,264486,4214030,9/11/00,Yes,Yes,9/11/00,No
70325,,15260,2682,YOSEMITE,4.75,272881,4211940,8/25/00,Yes,No,7/13/14,No
70326,WINDY LAKE,15376,2587,YOSEMITE,6,278293,4165820,6/11/01,Yes,No,7/11/06,Yes
70331,,15583,3078,YOSEMITE,8,282044,4207940,8/26/00,Yes,No,9/2/14,Yes
70343,,16217,2970,YOSEMITE,4,289204,4171230,7/29/01,Yes,No,7/26/14,Yes
70349,,16755,2079,YOSEMITE,3.6,259367,4217310,8/23/00,Yes,Yes,8/23/00,No
70356,,17033,2749,YOSEMITE,5.5,276590,4218470,8/20/00,Yes,Yes,7/10/14,No
70381,,19177,2134,YOSEMITE,8.75,253823,4216070,7/13/00,Yes,No,8/8/13,Yes
70390,,19983,3042,YOSEMITE,2.25,295166,4171490,8/7/01,Yes,No,7/31/14,No
70392,"GRANT LAKE, LOWER",20062,2822,YOSEMITE,7,276706,4196270,6/21/00,Yes,Yes,6/21/00,No
70393,,20350,1786,YOSEMITE,4.9,255044,4213320,8/19/00,Yes,No,8/19/00,No
70394,HARRIET LAKE #2,20408,3103,YOSEMITE,6,295942,4171530,8/7/01,Yes,Yes,7/31/14,No
70395,,20459,2294,YOSEMITE,20.25,265508,4213550,9/11/00,Yes,No,9/11/00,No
70396,,20544,2097,YOSEMITE,3.5,254043,4215400,7/14/00,Yes,Yes,9/8/07,Yes
70398,,21019,2219,YOSEMITE,4.25,262951,4210820,9/9/00,Yes,No,9/9/00,No
70399,,21066,2283,YOSEMITE,13.9,254691,4218810,7/8/00,Yes,No,8/8/13,Yes
70400,,21183,2237,YOSEMITE,8.4,255962,4217310,7/27/00,Yes,No,7/1/06,Yes
70402,,21310,2459,YOSEMITE,3.1,257606,4219190,7/30/00,Yes,No,7/3/06,Yes
70407,MURDOCK LAKE,21865,2903,YOSEMITE,3.25,280036,4209100,8/29/00,Yes,No,8/29/00,No
70408,,21978,2747,YOSEMITE,6,279368,4198640,6/20/00,Yes,Yes,6/20/00,No
70411,,22132,2515,YOSEMITE,11.5,272449,4214780,8/23/00,Yes,No,8/23/00,No
70413,,22555,3322,YOSEMITE,10.5,299001,4177160,8/21/01,Yes,No,8/30/17,Yes
70414,MCGEE LAKE,22582,2471,YOSEMITE,3.8,286333,4197750,7/12/01,Yes,No,8/6/12,Yes
70415,TEN LAKES #3,22664,2750,YOSEMITE,5,277538,4197880,6/20/00,Yes,Yes,6/20/00,No
70416,"YOUNG LAKE, MIDDLE",22684,3042,YOSEMITE,6,294408,4201440,9/10/00,Yes,Yes,8/21/12,No
70418,SURPRISE LAKE,22714,2857,YOSEMITE,27,281540,4211200,8/10/00,Yes,No,8/10/00,No
70420,,22781,3304,YOSEMITE,5.25,296646,4182650,8/27/01,Yes,Yes,8/27/01,No
70425,HARRIET LAKE #1,23067,3011,YOSEMITE,5.25,295456,4173860,8/9/01,Yes,No,8/9/01,No
70428,,23621,3072,YOSEMITE,10,278611,4223870,8/18/00,Yes,No,8/18/00,No
70434,,24199,2199,YOSEMITE,9.5,270111,4210330,7/8/00,Yes,No,7/8/00,No
70435,,24234,3200,YOSEMITE,1.2,299538,4182140,7/24/01,Yes,No,8/23/16,No
70439,,24967,2496,YOSEMITE,12,268169,4212640,7/20/00,Yes,No,7/3/10,Yes
70441,,25378,2185,YOSEMITE,5.75,268975,4211350,7/9/00,Yes,No,7/9/00,No
70442,,25535,2256,YOSEMITE,8.5,254725,4217670,7/8/00,Yes,No,8/7/13,Yes
70449,"MATTIE LAKE, LITTLE",26088,2921,YOSEMITE,6.75,286576,4202330,6/26/00,Yes,Yes,8/29/17,Yes
70451,PARKER PASS LAKE,26253,3335,YOSEMITE,10.4,305415,4189820,8/4/01,Yes,No,8/4/01,No
70457,,26832,2292,YOSEMITE,8,263587,4210630,9/9/00,Yes,No,8/5/12,No
70458,,26850,2911,YOSEMITE,5,273431,4227880,8/8/00,Yes,No,8/8/00,No
70463,,27485,3097,YOSEMITE,9,286116,4173040,7/16/01,Yes,No,7/16/01,No
70466,,27578,3225,YOSEMITE,1.25,296168,4202610,9/12/00,Yes,No,9/12/00,No
70467,,27730,2614,YOSEMITE,5.25,267232,4213000,7/19/00,Yes,No,7/19/00,No
70470,WEGNER LAKE,28497,2806,YOSEMITE,9.5,276790,4191260,6/28/01,Yes,No,9/14/16,No
70472,,29009,2256,YOSEMITE,11.5,255149,4217730,7/9/00,Yes,Yes,8/7/13,Yes
70473,,29019,2916,YOSEMITE,22.1,280015,4193620,7/1/01,Yes,Yes,9/14/16,No
70474,"FLORENCE LAKE, LOWER",29140,3003,YOSEMITE,5.5,293430,4180590,8/26/01,Yes,Yes,8/6/14,No
70475,,29224,3432,YOSEMITE,21.1,298575,4182380,7/23/01,Yes,No,7/23/01,No
70479,"SUNRISE LAKE, LOWER",29497,2822,YOSEMITE,5.4,284362,4187430,7/17/01,Yes,Yes,7/17/01,No
70481,,29802,2993,YOSEMITE,17.8,279024,4192210,6/29/01,Yes,No,9/14/16,No
70482,EDSON LAKE,29883,2483,YOSEMITE,6,277312,4167940,6/13/01,Yes,Yes,7/24/14,No
70485,,30362,3114,YOSEMITE,5,295174,4170460,8/6/01,Yes,Yes,7/31/14,No
70487,,31306,2330,YOSEMITE,1.25,264096,4214250,9/11/00,Yes,Yes,9/11/00,No
70490,RETURN LAKE,32624,3115,YOSEMITE,12.5,293899,4215370,7/23/00,Yes,Yes,7/23/00,No
70492,,32804,2709,YOSEMITE,18.5,262647,4218890,8/26/00,Yes,No,8/3/12,Yes
70494,,33050,2871,YOSEMITE,7.3,288454,4207850,8/7/00,Yes,Yes,7/24/11,No
70500,"MERCED PASS LAKE, LOWER",34203,2682,YOSEMITE,3,283857,4167160,7/3/01,Yes,No,8/1/08,Yes
70503,,34908,2835,YOSEMITE,11,280692,4205270,8/28/00,Yes,No,6/27/14,No
70504,HART LAKES,35463,2657,YOSEMITE,12.5,276818,4166710,6/10/01,Yes,No,7/24/14,Yes
70505,MILLER LAKE,35502,2879,YOSEMITE,11.5,287562,4207720,8/7/00,Yes,No,8/29/17,Yes
70506,,35503,2142,YOSEMITE,9,267651,4207770,7/11/00,Yes,No,7/11/00,No
70508,INFERNO LAKES,36013,2419,YOSEMITE,18,258090,4219070,7/28/00,Yes,No,6/26/10,Yes
70511,,37771,1969,YOSEMITE,1,254632,4210240,8/7/00,Yes,No,8/7/00,No
70512,,37961,2001,YOSEMITE,5.25,261796,4210920,9/7/00,Yes,Yes,9/7/00,No
70513,,38425,2884,YOSEMITE,17,277304,4196410,6/22/00,Yes,Yes,6/22/00,No
70514,INFERNO LAKES,38595,2432,YOSEMITE,15.9,258157,4219630,7/29/00,Yes,No,6/26/10,Yes
70517,,38976,2822,YOSEMITE,12,279602,4214030,8/24/00,Yes,No,8/24/00,No
70519,"TALLULAH LAKE, LOWER",39946,3004,YOSEMITE,14,284875,4212060,8/12/00,Yes,Yes,8/12/00,No
70520,,40212,2265,YOSEMITE,9.3,264229,4211560,9/9/00,Yes,No,8/5/12,Yes
70521,,40397,2716,YOSEMITE,7,271564,4219420,8/6/00,Yes,No,7/9/12,Yes
70524,,40988,2743,YOSEMITE,18,275257,4217820,8/20/00,Yes,No,7/11/14,Yes
70525,,41106,3078,YOSEMITE,19.5,282634,4206830,8/27/00,Yes,No,6/28/14,Yes
70528,,41508,2887,YOSEMITE,2.3,276509,4216670,8/22/00,Yes,No,7/12/14,Yes
70529,BIG ISLAND LAKE,41529,2739,YOSEMITE,5.5,263232,4219370,8/27/00,Yes,No,7/17/05,Yes
70530,,42048,2871,YOSEMITE,8,278293,4196940,6/22/00,Yes,Yes,6/22/00,No
70532,BEAR LAKE,42906,2710,YOSEMITE,8.1,263505,4219990,8/28/00,Yes,No,6/24/12,Yes
70533,TEN LAKES #1,43263,2737,YOSEMITE,17,278212,4198810,6/20/00,Yes,No,6/19/08,No
70534,,43428,2779,YOSEMITE,4.5,264355,4218730,8/25/00,Yes,No,8/4/12,Yes
70535,NEALL LAKE,44559,2797,YOSEMITE,15,280060,4207360,8/25/00,Yes,Yes,6/28/14,No
70536,"MCCABE LAKE, MIDDLE",44564,3115,YOSEMITE,16,294910,4207450,7/10/00,Yes,Yes,9/5/13,Yes
70538,TEN LAKES #4,44597,2813,YOSEMITE,13.5,277706,4197200,6/21/00,Yes,Yes,6/21/00,No
70539,,44624,2277,YOSEMITE,21.5,269439,4209540,7/10/00,Yes,No,7/10/00,No
70545,LITTLE OTTER LAKE,39636,2702,YOSEMITE,10.5,267012,4218050,9/23/00,Yes,No,8/5/12,Yes
70547,TABLE LAKE,46606,2148,YOSEMITE,18,274831,4207030,7/4/00,Yes,Yes,7/4/00,No
70548,,46615,2251,YOSEMITE,6.75,260764,4214390,9/27/00,Yes,No,8/5/12,Yes
70550,SKELTON LAKES,47097,3200,YOSEMITE,11.3,297415,4200760,8/24/01,Yes,No,8/9/17,Yes
70552,,47270,2146,YOSEMITE,18.5,254169,4216650,7/12/00,Yes,Yes,8/8/13,Yes
70558,"PENNINSULA LAKE, UPPER",49310,2771,YOSEMITE,6,265022,4220370,8/27/00,Yes,No,6/24/12,Yes
70565,HARDEN LAKE,50716,2281,YOSEMITE,4.1,264733,4197600,6/16/01,Yes,No,6/16/01,No
70566,,50949,2566,YOSEMITE,10.5,262026,4217780,8/24/00,Yes,No,8/24/00,No
70567,,51141,3206,YOSEMITE,7,297264,4177840,8/22/01,Yes,No,8/31/17,Yes
70572,CRESCENT LAKE,52656,2557,YOSEMITE,2,276251,4160510,6/22/01,Yes,No,6/22/01,No
70575,,54258,3262,YOSEMITE,21.5,299645,4175650,8/20/01,Yes,No,8/20/01,No
70576,ARNDT LAKE,55976,2815,YOSEMITE,18,280325,4217170,8/31/00,Yes,Yes,8/31/00,No
70578,DOE LAKE,56917,2800,YOSEMITE,24,283415,4212680,8/13/00,Yes,Yes,8/13/00,No
70583,RED DEVIL LAKE,60799,2970,YOSEMITE,14,289483,4171310,7/29/01,Yes,No,7/26/14,Yes
70585,IRWIN BRIGHT LAKE,61269,2158,YOSEMITE,20,275200,4207710,7/5/00,Yes,Yes,7/5/00,No
70586,,61813,2199,YOSEMITE,12.5,270419,4210140,7/8/00,Yes,No,7/8/00,No
70587, ,62654,1746,YOSEMITE,11.4,256572,4213860,8/21/00,Yes,Yes,8/21/00,No
70588,"OTTOWAY LAKE, UPPER",63642,3170,YOSEMITE,20,287828,4168690,7/12/01,Yes,No,7/12/01,No
70590,,64424,1771,YOSEMITE,17.3,256222,4214260,8/20/00,Yes,No,8/20/00,No
70591,,64438,3178,YOSEMITE,12.5,286657,4170890,7/15/01,Yes,No,7/15/01,No
70593,POLLY DOME LAKES,65243,2652,YOSEMITE,3.5,283974,4193260,7/2/01,Yes,No,7/2/01,No
70594,SWAMP LAKE,66493,1529,YOSEMITE,14.1,251415,4204080,8/2/00,Yes,No,8/15/14,No
70595,FLORA LAKE,69152,2108,YOSEMITE,20.5,253614,4215040,7/14/00,Yes,No,7/14/00,No
70596,MATTIE LAKE,69708,2811,YOSEMITE,12,285597,4201280,6/27/00,Yes,Yes,8/28/17,No
70597,,70077,2790,YOSEMITE,24,273925,4212670,8/26/00,Yes,No,7/13/14,Yes
70598,,70168,2604,YOSEMITE,5,262617,4218070,8/28/00,Yes,No,8/28/00,No
70600,"OTTOWAY LAKE, LOWER",73500,2942,YOSEMITE,13,286590,4168980,7/12/01,Yes,Yes,7/12/01,No
70603,,74528,1732,YOSEMITE,17.5,255677,4213720,8/20/00,Yes,No,8/20/00,No
70604,MIWOK LAKE,75582,2490,YOSEMITE,21.5,262984,4215460,9/24/00,Yes,Yes,8/12/13,No
70605,MIDDLE BRANIGAN LAKE,76037,2294,YOSEMITE,30,264945,4212760,9/10/00,Yes,No,9/10/00,No
70606,TEN LAKES #2,76402,2727,YOSEMITE,17,277967,4198240,6/18/00,Yes,Yes,6/18/00,No
70607,,78422,1760,YOSEMITE,13.2,256789,4214480,8/20/00,Yes,No,8/20/00,No
70608,SADDLE HORSE LAKE,80703,2213,YOSEMITE,4.5,274325,4208510,7/5/00,Yes,Yes,7/5/00,No
70609,VOGELSANG LAKE,80731,3158,YOSEMITE,10.25,293640,4184760,8/28/01,Yes,Yes,9/1/12,No
70611,SISTER LAKE,81514,2912,YOSEMITE,12,282714,4210810,8/9/00,Yes,No,8/9/00,No
70612,MAHAN LAKE,84664,2378,YOSEMITE,9.5,265805,4215250,9/12/00,Yes,No,6/4/07,Yes
70614,,89326,2600,YOSEMITE,8.5,266691,4212040,7/19/00,Yes,No,7/21/12,Yes
70615,TEN LAKES,90726,2865,YOSEMITE,17,278971,4197720,6/20/00,Yes,Yes,6/20/00,No
70618,"YOUNG LAKE, UPPER",94037,3115,YOSEMITE,10.5,294979,4201230,9/11/00,Yes,Yes,9/11/00,No
70619,SOLDIER LAKE,94296,3237,YOSEMITE,29,293262,4213660,7/24/00,Yes,No,8/31/15,Yes
70624,OTTER LAKE,100195,2715,YOSEMITE,6,267134,4218970,9/12/00,Yes,No,7/18/05,Yes
70625,ARDETH LAKE,101622,2573,YOSEMITE,11,263836,4214920,9/24/00,Yes,Yes,8/11/13,Yes
70626,WILMA LAKE,101705,2422,YOSEMITE,11,268290,4217000,7/25/00,Yes,Yes,7/25/00,No
70627,LITTLE BEAR LAKE,102736,2298,YOSEMITE,10.5,255759,4218440,7/31/00,Yes,No,7/20/12,Yes
70628,SPILLER LAKE,102772,3249,YOSEMITE,14,291991,4213730,7/25/00,Yes,No,8/17/07,Yes
70629,,103755,2979,YOSEMITE,28,276862,4221510,8/19/00,Yes,No,7/11/14,Yes
70632,AVONELLE LAKE,107682,2541,YOSEMITE,30,268097,4215170,7/22/00,Yes,No,7/20/12,Yes
70633,"YOUNG LAKE, LOWER",108781,3018,YOSEMITE,10,293779,4201310,9/11/00,Yes,Yes,8/21/12,No
70636,BREEZE LAKE,115847,2936,YOSEMITE,22,288784,4161460,6/29/01,Yes,No,9/15/16,No
70638,VIRGINIA LAKE,124625,2815,YOSEMITE,10.5,286762,4204360,7/5/00,Yes,Yes,8/26/17,No
70639,"MCCABE LAKE, LOWER",128809,2993,YOSEMITE,8,293804,4207660,7/9/00,Yes,Yes,6/26/12,No
70640,"CHAIN LAKE, UPPER",131996,2832,YOSEMITE,16,288364,4160450,6/26/01,Yes,Yes,6/26/01,No
70641,DOG LAKE,140557,2798,YOSEMITE,6.5,294261,4196320,9/9/00,Yes,Yes,9/4/17,Yes
70642,ROCK ISLAND LAKE,143501,2996,YOSEMITE,5.5,282982,4216840,8/15/00,Yes,No,8/23/14,Yes
70644,SMEDBERG LAKE,160323,2809,YOSEMITE,16.5,281821,4210280,8/11/00,Yes,Yes,8/11/00,No
70647,EVELYN LAKE,171129,3150,YOSEMITE,13.1,295311,4186860,7/20/01,Yes,Yes,7/29/14,No
70648,RODGERS LAKE,179355,2898,YOSEMITE,16,280981,4208230,8/25/00,Yes,Yes,6/25/14,No
70649,PENINSULA LAKE,180593,2714,YOSEMITE,8.5,264136,4220320,8/27/00,Yes,No,6/25/12,Yes
70650,BOUNDARY LAKE,191513,2294,YOSEMITE,30,255343,4219320,7/31/00,Yes,No,5/26/14,Yes
70651,MANY ISLAND LAKE,195636,2233,YOSEMITE,14.5,253293,4218720,7/7/00,Yes,No,7/22/12,Yes
70652,,201693,2716,YOSEMITE,11,274317,4215270,8/23/00,Yes,No,8/23/00,No
70653,"BRANIGAN LAKE, LOWER",207101,2240,YOSEMITE,30,264108,4212560,9/10/00,Yes,Yes,9/10/00,No
70656,BEARUP LAKE,223897,2298,YOSEMITE,29.5,262935,4216150,9/25/00,Yes,Yes,7/21/12,Yes
70658,"TWIN LAKE, UPPER",228405,2715,YOSEMITE,14,267131,4224300,9/9/00,Yes,Yes,9/9/00,No
70660,DOROTHY LAKE,250314,2863,YOSEMITE,15,273198,4228550,8/8/00,Yes,Yes,7/6/12,Yes
70661,VERNON LAKE,255068,2001,YOSEMITE,14,260823,4210820,9/7/00,Yes,Yes,8/16/12,No
70662,MARY LAKE,259040,2932,YOSEMITE,11,275488,4224860,8/10/00,Yes,Yes,8/10/00,No
70663,ROOSEVELT LAKE,260039,3104,YOSEMITE,14,294944,4205140,9/10/00,Yes,Yes,6/26/12,No
70664,"MCCABE LAKE, UPPER",261038,3200,YOSEMITE,30,296004,4207880,7/18/00,Yes,Yes,6/27/12,No
70665,EDITH LAKE,261271,1919,YOSEMITE,30,258797,4216170,8/22/00,Yes,Yes,8/22/00,No
70666,SPOTTED FAWN LAKE,289005,2233,YOSEMITE,30,256348,4217530,7/27/00,Yes,No,7/1/06,Yes
70668,LAUREL LAKE,365005,1978,YOSEMITE,10.25,254560,4209380,8/7/00,Yes,Yes,7/17/12,No
70669,"IRELAND LAKE, UPPER",429115,3272,YOSEMITE,30,297076,4184880,7/22/01,Yes,Yes,7/22/01,No
70670,KIBBIE LAKE,479113,1985,YOSEMITE,30,250298,4215610,6/25/00,Yes,Yes,6/25/00,No
70671,"TWIN LAKE, LOWER",501865,2639,YOSEMITE,18,264912,4223830,9/8/00,Yes,Yes,6/20/12,Yes
70672,TILDEN LAKE,585640,2716,YOSEMITE,12,271743,4220600,8/6/00,Yes,Yes,7/8/12,No
70677,,33388,3133,YOSEMITE,21,274765,4225820,8/9/00,Yes,No,8/9/00,No
70678,BENSON LAKE,694417,2311,YOSEMITE,30,277938,4210530,8/28/00,Yes,Yes,8/28/00,No
70686,SKELTON LAKES,21871,3322,YOSEMITE,7.2,298038,4201500,8/24/01,Yes,No,7/31/07,No
70689,,33326,3463,YOSEMITE,7.25,296946,4181450,8/27/01,Yes,No,8/27/01,No
70704,WASHBURN LAKE,212865,2318,YOSEMITE,26,290924,4176860,7/28/01,Yes,Yes,7/28/01,No
71092,,227,2896,YOSEMITE,2,265333,4223360,9/10/00,Yes,No,9/10/00,No
71128,,250,2676,YOSEMITE,0.6,271072,4218620,8/5/00,Yes,No,8/5/00,No
71129,,250,2152,YOSEMITE,0.9,253713,4216520,7/12/00,Yes,No,8/8/13,Yes
71164,,270,3066,YOSEMITE,0.4,294769,4203480,9/13/00,Yes,No,9/13/00,No
71208,,291,2044,YOSEMITE,1.5,274444,4202520,6/26/00,Yes,No,6/26/00,No
71224,,295,1542,YOSEMITE,7.3,252094,4209500,8/17/00,Yes,No,8/17/00,No
71266,,313,2615,YOSEMITE,0.5,270452,4216280,7/25/00,Yes,No,7/22/12,No
71292,,323,2652,YOSEMITE,1,271714,4214030,8/24/00,Yes,No,8/24/00,No
71386,,371,2073,YOSEMITE,0.9,252210,4216740,6/27/00,Yes,No,6/27/00,No
71387,,372,2780,YOSEMITE,0.6,275379,4218210,8/20/00,Yes,No,7/11/14,No
71394,,380,2993,YOSEMITE,0.3,301835,4196960,8/22/01,Yes,No,8/22/01,No
71405,,385,2152,YOSEMITE,1.1,252672,4216890,6/28/00,Yes,No,6/28/00,No
71406,,385,2460,YOSEMITE,1.25,268242,4213250,7/20/00,Yes,No,7/21/12,Yes
71416,,389,1786,YOSEMITE,0.4,255175,4213200,8/19/00,Yes,No,8/19/00,No
71419,,391,2798,YOSEMITE,0.6,283535,4213560,8/13/00,Yes,No,8/13/00,No
71454,,407,3274,YOSEMITE,0.45,293471,4214640,7/23/00,Yes,No,7/23/00,No
71461,,411,2274,YOSEMITE,0.7,255023,4217970,7/9/00,Yes,No,8/7/13,No
71462,,411,2152,YOSEMITE,1.1,252704,4217030,6/28/00,Yes,No,6/28/00,No
71465,,412,2944,YOSEMITE,1.3,276330,4211210,8/26/00,Yes,No,8/5/12,Yes
71472,,416,2067,YOSEMITE,1.1,255289,4215970,7/16/00,Yes,No,7/16/00,No
71482,,421,2420,YOSEMITE,0.7,258779,4219480,7/29/00,Yes,No,7/18/12,Yes
71494,,426,2713,YOSEMITE,1.75,267214,4217930,9/23/00,Yes,No,9/23/00,No
71500,,430,1652,YOSEMITE,1.6,253411,4204260,8/6/00,Yes,No,8/6/00,No
71541,,457,2353,YOSEMITE,1.8,254275,4219280,7/7/00,Yes,No,7/7/00,No
71553,,463,2640,YOSEMITE,2,269921,4214820,7/24/00,Yes,No,7/24/00,No
71565,,468,1591,YOSEMITE,0.6,251437,4209570,8/17/00,Yes,No,8/17/00,No
71583,,479,2274,YOSEMITE,0.95,253806,4217390,7/11/00,Yes,No,7/11/00,No
71610,,501,3139,YOSEMITE,0.8,289564,4218860,7/27/00,Yes,No,7/27/00,No
71614,,502,2624,YOSEMITE,1.25,268724,4215950,7/22/00,Yes,No,7/22/00,No
71782,,602,2926,YOSEMITE,0.75,273559,4227920,8/8/00,Yes,No,8/8/00,No
71807,,618,2904,YOSEMITE,1,275781,4219790,8/20/00,Yes,No,7/11/14,No
71878,,680,2871,YOSEMITE,0.9,266331,4223740,9/10/00,Yes,No,9/10/00,No
71888,,683,2615,YOSEMITE,1.4,268400,4214800,7/23/00,Yes,No,7/23/00,No
71903,,699,2434,YOSEMITE,4,271361,4213900,8/24/00,Yes,No,8/24/00,No
71931,,721,2371,YOSEMITE,2.25,264623,4214200,9/12/00,Yes,No,9/12/00,No
71962,,749,2496,YOSEMITE,0.6,268169,4212730,7/20/00,Yes,No,7/3/10,Yes
71986,,770,2871,YOSEMITE,0.4,267312,4220570,9/11/00,Yes,No,9/11/00,No
71997,,784,2164,YOSEMITE,1.5,252730,4216850,6/28/00,Yes,No,6/28/00,No
71999,,786,1542,YOSEMITE,1.5,248988,4200890,8/5/00,Yes,No,8/5/00,No
72035,,818,3066,YOSEMITE,0.3,298881,4198300,8/23/01,Yes,No,8/23/01,No
72075,,875,2804,YOSEMITE,1,289601,4206690,7/7/00,Yes,No,7/7/00,No
72077,,876,2237,YOSEMITE,1.75,258650,4212240,9/27/00,Yes,Yes,9/27/00,No
72088,,886,2073,YOSEMITE,1.5,252138,4216520,6/27/00,Yes,No,6/27/00,No
72106,,904,3274,YOSEMITE,0.75,293453,4214570,7/23/00,Yes,No,7/23/00,No
72114,,917,3139,YOSEMITE,1.25,283205,4207670,8/26/00,Yes,No,6/28/14,No
72125,,921,2829,YOSEMITE,0.5,279045,4220940,8/18/00,Yes,No,8/18/00,No
72162,,975,2432,YOSEMITE,2,258862,4219840,7/29/00,Yes,No,7/29/00,No
72215,,1048,2274,YOSEMITE,1.1,254865,4218060,7/9/00,Yes,No,8/7/13,No
72228,,1058,1962,YOSEMITE,0.15,259100,4208370,9/6/00,Yes,No,9/6/00,No
72232,,1064,2798,YOSEMITE,1.2,263723,4219600,8/26/00,Yes,No,8/3/12,No
72243,,1082,2871,YOSEMITE,1,265421,4223290,9/10/00,Yes,No,9/10/00,No
72269,,1130,1567,YOSEMITE,0.8,252289,4209820,8/17/00,Yes,No,8/17/00,No
72271,,1138,3066,YOSEMITE,1,294692,4203460,9/13/00,Yes,No,9/13/00,No
72293,,1172,2981,YOSEMITE,3.2,276187,4214960,8/23/00,Yes,No,8/23/00,No
72300,,1185,2896,YOSEMITE,1.5,281933,4205570,8/23/00,Yes,No,8/23/00,No
72311,,1205,3018,YOSEMITE,2.4,301736,4197950,8/22/01,Yes,No,8/22/01,No
72372,,1320,2371,YOSEMITE,1,270200,4211790,7/9/00,Yes,No,7/9/00,No
72388,,1357,2012,YOSEMITE,1.6,249601,4215690,6/24/00,Yes,No,6/24/00,No
72404,,1395,2262,YOSEMITE,1,254851,4217880,7/9/00,Yes,No,8/7/13,No
72419,,1427,1689,YOSEMITE,1.3,254450,4205870,8/6/00,Yes,No,8/6/00,No
72440,,1468,1798,YOSEMITE,0.25,254949,4213140,8/19/00,Yes,No,8/19/00,No
72451,,1502,2176,YOSEMITE,2.4,255817,4216430,7/17/00,Yes,No,7/17/00,No
72460,,1543,1798,YOSEMITE,0.25,255055,4213120,8/19/00,Yes,No,8/19/00,No
72466,,1556,2512,YOSEMITE,1.25,268073,4212880,7/20/00,Yes,No,7/21/12,Yes
72517,,1695,3109,YOSEMITE,5,277521,4222890,8/19/00,Yes,No,8/19/00,No
72553,,1789,2067,YOSEMITE,1.8,251365,4216790,6/27/00,Yes,No,6/27/00,No
72577,,1854,3078,YOSEMITE,5.5,276267,4220740,8/19/00,Yes,No,7/11/14,No
72637,,2061,2883,YOSEMITE,1.4,279292,4208660,8/29/00,Yes,No,8/29/00,No
72647,,2115,1896,YOSEMITE,7.5,258588,4209130,9/6/00,Yes,Yes,9/6/00,No
72672,,2242,2001,YOSEMITE,0.3,261985,4211370,9/8/00,Yes,No,9/8/00,No
72700,,2323,2457,YOSEMITE,5,257552,4219010,7/30/00,Yes,No,7/3/06,Yes
72726,,2462,2688,YOSEMITE,4.5,283355,4204520,8/27/00,Yes,No,8/27/00,No
72738,,2506,1652,YOSEMITE,1.6,253332,4204230,8/6/00,Yes,No,8/15/14,No
72744,,2538,3005,YOSEMITE,1.2,301647,4197730,8/22/01,Yes,No,5/28/07,No
72745,,2542,1750,YOSEMITE,2,254456,4212010,8/18/00,Yes,No,8/18/00,No
72746,,2544,2668,YOSEMITE,0.3,272577,4198970,8/26/01,Yes,No,8/26/01,No
72748,,2555,2444,YOSEMITE,0.6,265781,4192200,6/22/01,Yes,No,6/22/01,No
72750,,2563,1786,YOSEMITE,1.5,255248,4213350,8/19/00,Yes,No,8/19/00,No
72761,,2621,1951,YOSEMITE,0.8,254417,4210230,8/7/00,Yes,No,8/7/00,No
72778,,2662,2201,YOSEMITE,1.3,265278,4207750,7/18/00,Yes,No,7/18/00,No
72827,,2966,2896,YOSEMITE,2,288348,4207300,8/7/00,Yes,No,8/7/00,No
72855,,3196,2262,YOSEMITE,2.1,254496,4217630,7/10/00,Yes,No,8/12/13,No
72865,,3243,2713,YOSEMITE,1.1,267121,4219080,9/22/00,Yes,No,9/22/00,No
72871,,3274,2713,YOSEMITE,0.3,266202,4224600,9/7/00,Yes,Yes,9/7/00,No
72876,,3281,2091,YOSEMITE,5.1,259972,4217960,8/23/00,Yes,No,8/23/00,No
72894,,3398,2896,YOSEMITE,2.75,288155,4208080,7/29/00,Yes,No,7/29/00,No
72906,,3471,3005,YOSEMITE,7.2,275739,4212790,8/27/00,Yes,No,8/27/00,No
72912,,3520,2152,YOSEMITE,2.1,252390,4217350,6/29/00,Yes,No,7/3/06,Yes
72942,,3730,3127,YOSEMITE,1.25,294306,4204380,9/13/00,Yes,No,9/12/12,No
72948,,3783,2676,YOSEMITE,1.5,267773,4219040,9/12/00,Yes,No,8/6/12,Yes
72950,,3794,3027,YOSEMITE,5,293281,4209310,7/19/00,Yes,No,7/19/00,No
72957,,3850,1786,YOSEMITE,2,257712,4214740,8/21/00,Yes,Yes,8/21/00,No
72971,,3968,2103,YOSEMITE,2.2,254645,4215490,7/15/00,Yes,No,7/15/00,No
72978,,4022,3176,YOSEMITE,1.75,293886,4216340,7/22/00,Yes,No,7/22/00,No
72987,,4150,2362,YOSEMITE,6,266319,4213880,7/21/00,Yes,No,7/21/00,No
73001,,4335,2627,YOSEMITE,0.4,287545,4196110,7/13/01,Yes,No,7/13/01,No
73016,,4505,2701,YOSEMITE,5.1,270142,4218520,7/26/00,Yes,No,7/26/00,No
73028,,4684,1754,YOSEMITE,1,263255,4205890,7/14/00,Yes,No,7/14/00,No
73037,,4714,3066,YOSEMITE,1.5,283304,4206950,8/27/00,Yes,No,9/3/14,Yes
73039,,4753,2347,YOSEMITE,2.3,260819,4219470,8/29/00,Yes,Yes,8/29/00,No
73061,,486,2957,YOSEMITE,0.25,267610,4221760,9/11/00,Yes,No,9/11/00,No
73081,,2097,1591,YOSEMITE,4.4,248409,4201240,8/5/00,Yes,No,8/5/00,No